Model Name,Type,Accuracy,Macro F1,Kappa,Macro Recall,Macro Precision
resnet50,Standalone CNN,0.31234866828087166,0.3118606433728095,0.2056508959893809,0.44784001942850554,0.5006833739598717
densenet121,Standalone CNN,0.30024213075060535,0.2725801435300915,0.1862762476138533,0.41290390298919083,0.3170733965338468
inceptionV3,Standalone CNN,0.3486682808716707,0.3395569329930033,0.23487968485282573,0.44843986969535693,0.4924853801169592
resnet50 + XGB,Hybrid CNN-XGB,0.5084745762711864,0.3944878595997768,0.34452132442046823,0.43836854063932956,0.4347766800452815
densenet121 + XGB,Hybrid CNN-XGB,0.5714285714285714,0.40452253678827893,0.39088083592337375,0.4261297346691803,0.5483395699052621
inceptionV3 + XGB,Hybrid CNN-XGB,0.5205811138014528,0.365375169582913,0.3364115880873164,0.3565093362879642,0.42437428745228606
SMOTE Ensemble,Ensemble,0.5084745762711864,0.40842234325865345,0.3444803240107275,0.42727957580773335,0.4580839934422395
