{
    "resnet50_xgb": {
        "model_name": "resnet50_xgb",
        "accuracy": 0.818359375,
        "f1_score": 0.8045777731205348,
        "cohen_kappa": 0.7182885270730783,
        "roc_auc": 0.966040727017159,
        "classification_report": {
            "0": {
                "precision": 0.9465648854961832,
                "recall": 0.9841269841269841,
                "f1-score": 0.9649805447470817,
                "support": 252.0
            },
            "1": {
                "precision": 0.6666666666666666,
                "recall": 0.46153846153846156,
                "f1-score": 0.5454545454545454,
                "support": 52.0
            },
            "2": {
                "precision": 0.7168674698795181,
                "recall": 0.8439716312056738,
                "f1-score": 0.7752442996742671,
                "support": 141.0
            },
            "3": {
                "precision": 0.5,
                "recall": 0.19230769230769232,
                "f1-score": 0.2777777777777778,
                "support": 26.0
            },
            "4": {
                "precision": 0.6052631578947368,
                "recall": 0.5609756097560976,
                "f1-score": 0.5822784810126582,
                "support": 41.0
            },
            "accuracy": 0.818359375,
            "macro avg": {
                "precision": 0.687072435987421,
                "recall": 0.6085840757869818,
                "f1-score": 0.629147129733266,
                "support": 512.0
            },
            "weighted avg": {
                "precision": 0.8048732823015646,
                "recall": 0.818359375,
                "f1-score": 0.8045777731205348,
                "support": 512.0
            }
        }
    },
    "densenet121_xgb": {
        "model_name": "densenet121_xgb",
        "accuracy": 0.7890625,
        "f1_score": 0.7611923772837177,
        "cohen_kappa": 0.6661051029835334,
        "roc_auc": 0.9501205838918181,
        "classification_report": {
            "0": {
                "precision": 0.915129151291513,
                "recall": 0.9841269841269841,
                "f1-score": 0.9483747609942639,
                "support": 252.0
            },
            "1": {
                "precision": 0.48148148148148145,
                "recall": 0.25,
                "f1-score": 0.3291139240506329,
                "support": 52.0
            },
            "2": {
                "precision": 0.6813186813186813,
                "recall": 0.8794326241134752,
                "f1-score": 0.7678018575851393,
                "support": 141.0
            },
            "3": {
                "precision": 0.5555555555555556,
                "recall": 0.19230769230769232,
                "f1-score": 0.2857142857142857,
                "support": 26.0
            },
            "4": {
                "precision": 0.6086956521739131,
                "recall": 0.34146341463414637,
                "f1-score": 0.4375,
                "support": 41.0
            },
            "accuracy": 0.7890625,
            "macro avg": {
                "precision": 0.6484361043642288,
                "recall": 0.5294661430364596,
                "f1-score": 0.5537009656688643,
                "support": 512.0
            },
            "weighted avg": {
                "precision": 0.7638993816640768,
                "recall": 0.7890625,
                "f1-score": 0.7611923772837177,
                "support": 512.0
            }
        }
    },
    "inceptionV3_xgb": {
        "model_name": "inceptionV3_xgb",
        "accuracy": 0.814453125,
        "f1_score": 0.7997611714609377,
        "cohen_kappa": 0.7103710275754886,
        "roc_auc": 0.9568989307832338,
        "classification_report": {
            "0": {
                "precision": 0.946360153256705,
                "recall": 0.9801587301587301,
                "f1-score": 0.9629629629629629,
                "support": 252.0
            },
            "1": {
                "precision": 0.71875,
                "recall": 0.4423076923076923,
                "f1-score": 0.5476190476190477,
                "support": 52.0
            },
            "2": {
                "precision": 0.6833333333333333,
                "recall": 0.8723404255319149,
                "f1-score": 0.7663551401869159,
                "support": 141.0
            },
            "3": {
                "precision": 0.5714285714285714,
                "recall": 0.3076923076923077,
                "f1-score": 0.4,
                "support": 26.0
            },
            "4": {
                "precision": 0.64,
                "recall": 0.3902439024390244,
                "f1-score": 0.48484848484848486,
                "support": 41.0
            },
            "accuracy": 0.814453125,
            "macro avg": {
                "precision": 0.7119744116037219,
                "recall": 0.5985486116259339,
                "f1-score": 0.6323571271234822,
                "support": 512.0
            },
            "weighted avg": {
                "precision": 0.8072361356988916,
                "recall": 0.814453125,
                "f1-score": 0.7997611714609377,
                "support": 512.0
            }
        }
    },
    "ensemble_xgb": {
        "model_name": "ensemble_xgb",
        "accuracy": 0.78125,
        "f1_score": 0.7892541354517505,
        "cohen_kappa": 0.6772624943719046,
        "roc_auc": 0.9601478370233207,
        "classification_report": {
            "0": {
                "precision": 0.975103734439834,
                "recall": 0.9325396825396826,
                "f1-score": 0.9533468559837728,
                "support": 252.0
            },
            "1": {
                "precision": 0.47368421052631576,
                "recall": 0.6923076923076923,
                "f1-score": 0.5625,
                "support": 52.0
            },
            "2": {
                "precision": 0.8064516129032258,
                "recall": 0.7092198581560284,
                "f1-score": 0.7547169811320755,
                "support": 141.0
            },
            "3": {
                "precision": 0.34146341463414637,
                "recall": 0.5384615384615384,
                "f1-score": 0.417910447761194,
                "support": 26.0
            },
            "4": {
                "precision": 0.5,
                "recall": 0.36585365853658536,
                "f1-score": 0.4225352112676056,
                "support": 41.0
            },
            "accuracy": 0.78125,
            "macro avg": {
                "precision": 0.6193405945007043,
                "recall": 0.6476764860003054,
                "f1-score": 0.6222018992289295,
                "support": 512.0
            },
            "weighted avg": {
                "precision": 0.8075106371602524,
                "recall": 0.78125,
                "f1-score": 0.7892541354517505,
                "support": 512.0
            }
        }
    }
}