{
    "best_cnn_head_params": {
        "resnet50": {
            "fc_dim": 128,
            "dropout": 0.436595217760556,
            "fc_layers": 3
        },
        "densenet121": {
            "fc_dim": 128,
            "dropout": 0.34287,
            "fc_layers": 3
        },
        "inceptionV3": {
            "fc_dim": 128,
            "dropout": 0.34287,
            "fc_layers": 3
        }
    },
    "best_xgb_params": {
        "objective": "multi:softmax",
        "num_class": 5,
        "max_depth": 10,
        "learning_rate": 0.04458268550202538,
        "n_estimators": 402,
        "subsample": 0.7845006705743479,
        "colsample_bytree": 0.9058193611137776,
        "min_child_weight": 6,
        "gamma": 4.6479601730748765,
        "random_state": 42,
        "n_jobs": -1
    }
}